"","waldStat","df","pvalue","meanLogFC"
"Tb11.v5.0402",98.1086005938972,6,0,1.16511521958561
"Tb11.v5.1046",97.7432591598765,6,0,1.20026871160247
"Tb927.1.2360",93.4489132829968,6,0,0.443592623052755
"Tb927.1.3200",110.058497051616,6,0,1.61917198349096
"Tb927.1.580",187.872815756658,6,0,2.45283481769915
"Tb927.1.600",94.1629981957023,6,0,1.4338798734705
"Tb927.10.11390",126.755747841626,6,0,0.894887433660862
"Tb927.10.12080",101.391193815996,6,0,2.17288769527251
"Tb927.10.13500",163.24272112498,6,0,1.61992230615162
"Tb927.10.15120",108.006327784462,6,0,2.0402325639589
"Tb927.10.4110",115.537509464263,6,0,2.7043820337862
"Tb927.10.4120",145.362720857956,6,0,0.730618314581715
"Tb927.10.5460",107.130223130362,6,0,1.67199636925089
"Tb927.10.5610",97.5076262908226,6,0,0.813925054729877
"Tb927.10.7410",140.614614058804,6,0,2.32601486890789
"Tb927.10.8940",98.3521079595294,6,0,1.02251656238917
"Tb927.11.10025",95.9001759559217,6,0,1.77216088209827
"Tb927.11.10160",93.1618413656269,6,0,0.792876731215733
"Tb927.11.11360",92.8616771214003,6,0,1.05375927038157
"Tb927.11.11830",100.631262387499,6,0,0.616750252509321
"Tb927.11.13007",112.760327578411,6,0,0.579409649561941
"Tb927.11.13780",88.7571371670299,6,0,1.60980173063045
"Tb927.11.16280",93.0030419965648,6,0,0.852462635492147
"Tb927.11.3000",91.7599981305086,6,0,1.84594829166988
"Tb927.11.3030",102.669789161666,6,0,3.20256149979143
"Tb927.11.3230",185.242143933086,6,0,1.21482056853225
"Tb927.11.4300",131.463851461732,6,0,0.720889696329238
"Tb927.11.5960",96.7814384627713,6,0,1.11512440835625
"Tb927.11.6200",114.626725051105,6,0,0.85596320427497
"Tb927.11.6500",109.158299766748,6,0,0.651846149964827
"Tb927.11.7685",119.9362937836,6,0,0.525955319456965
"Tb927.11.7900",90.9743896741181,6,0,1.83749115680435
"Tb927.11.9700",90.9385002015664,6,0,0.659050993653669
"Tb927.11.9730",128.76909742112,6,0,0.638093999285687
"Tb927.2.480",99.9074449001433,6,0,1.02964696739058
"Tb927.3.5050",92.5302893035556,6,0,0.725258565923694
"Tb927.4.1100",255.460222099981,6,0,2.62318299535476
"Tb927.4.2530",118.582662324755,6,0,0.908864120249863
"Tb927.4.3550",100.482667598121,6,0,1.33683319440873
"Tb927.4.4010",99.9955604655282,6,0,1.01792412230976
"Tb927.5.1610",134.164106786263,6,0,0.824324903090204
"Tb927.5.1820",91.7658716260992,6,0,0.629264091087894
"Tb927.5.860",91.7944558194651,6,0,2.65922282891783
"Tb927.6.2110",131.559109011283,6,0,1.68308774308579
"Tb927.6.5040",111.685391747773,6,0,2.74962265400586
"Tb927.7.1050",182.765162882157,6,0,0.888565345297345
"Tb927.7.1470",89.7153905185448,6,0,0.930023360878544
"Tb927.7.5930",110.071067062948,6,0,1.45888792590471
"Tb927.7.5940",118.980458788134,6,0,2.32776173512463
"Tb927.8.1330",104.237164082621,6,0,0.540957141912017
"Tb927.8.6180",145.067859807926,6,0,1.45227428869766
"Tb927.8.6750",110.269764529996,6,0,3.81636699453376
"Tb927.8.7740",91.061213658201,6,0,1.26462000438198
"Tb927.9.14370",142.181981756789,6,0,1.02904876999501
"Tb927.9.15520",123.227179910832,6,0,1.15271197268606
"Tb927.9.15580",93.9193500967967,6,0,1.13659007346468
"Tb927.9.15600",97.5826659928697,6,0,1.45058058424147
"Tb927.9.8880",104.723856262376,6,0,1.86175714850711
"Tb11.0390",88.5881443585447,6,1.11022302462516e-16,0.636873288046309
"Tb927.10.10770",86.8722817657788,6,1.11022302462516e-16,1.43345532039094
"Tb927.10.3930",87.8140168760724,6,1.11022302462516e-16,0.593423905940258
"Tb927.7.400",88.6763241886939,6,1.11022302462516e-16,3.71537715429966
"Tb927.10.10000",86.0936272290439,6,2.22044604925031e-16,1.46931436281573
"Tb927.11.7705",85.7062244055522,6,2.22044604925031e-16,0.604734799915373
"Tb927.11.3590",85.2893049327015,6,3.33066907387547e-16,0.90143489452624
"Tb927.11.6180",85.0075070900385,6,3.33066907387547e-16,0.552857435384781
"Tb927.11.6510",84.2068798340367,6,4.44089209850063e-16,0.786296523731622
"Tb11.v5.0403",84.0246565700367,6,5.55111512312578e-16,2.28756240147418
"Tb927.8.5460",83.8100152144778,6,5.55111512312578e-16,0.939306665829197
"Tb11.v5.0353",82.8932273704681,6,8.88178419700125e-16,0.89566454682563
"Tb927.10.1590",82.5176101683628,6,1.11022302462516e-15,0.809374646632331
"Tb927.6.3740",81.9946330541383,6,1.33226762955019e-15,1.18412167311127
"Tb11.v5.0344",81.792286587778,6,1.55431223447522e-15,1.27048335108249
"Tb927.11.11820",81.3774187627885,6,1.88737914186277e-15,1.54500000130558
"Tb927.7.1340",80.9937920277502,6,2.22044604925031e-15,0.787637722610319
"Tb927.9.7620",80.7817605080454,6,2.44249065417534e-15,0.486378278536723
"Tb927.9.8420",80.2389058742532,6,3.21964677141295e-15,2.53437034579498
"Tb927.8.7660",78.3407256490892,6,7.88258347483861e-15,1.40139550805119
"Tb927.11.9120",77.2786660346244,6,1.29896093881143e-14,3.17318247533338
"Tb927.11.6680",77.0448507120755,6,1.45439216225896e-14,3.63513687505819
"Tb927.9.12240",76.6955518066032,6,1.72084568816899e-14,0.472562891509975
"Tb927.7.5170",76.6092688357199,6,1.7874590696465e-14,1.54168285251478
"Tb927.6.720",76.5058880211263,6,1.87627691161651e-14,0.671200252701212
"Tb927.9.15510",75.1427270771654,6,3.58602036953926e-14,1.97816497557876
"Tb927.10.14090",75.0368802608275,6,3.77475828372553e-14,1.20045677326006
"Tb927.8.4430",74.6298325346541,6,4.57411886145564e-14,2.41131673541844
"Tb927.11.11475",73.6288495958726,6,7.34967642301854e-14,0.600313854632208
"Tb927.10.12700",73.1481500420017,6,9.22595333463505e-14,1.84674787124764
"Tb927.9.14570",73.0984150926878,6,9.44799793956008e-14,2.08990261045052
"Tb11.v5.0243",73.0283948231209,6,9.76996261670138e-14,0.740075084510757
"Tb927.9.3990",72.9884173608302,6,9.95870053088765e-14,0.923633780888649
"Tb927.10.560",72.1866728490186,6,1.45439216225896e-13,0.646659833929124
"Tb927.9.15630",71.885915861945,6,1.67643676718399e-13,2.34418998922432
"Tb927.3.2960",70.3949703404796,6,3.39284156325448e-13,1.08943649645321
"Tb927.10.13517",70.1947045515674,6,3.7292391397159e-13,1.86464071476666
"Tb927.9.13860",69.4110311576188,6,5.40012479177676e-13,0.913340679966506
"Tb927.11.9710",69.2001046852239,6,5.96522831131097e-13,0.567241163669903
"Tb927.7.5960",69.1140423384568,6,6.21169782277775e-13,1.05095319365425
"Tb927.10.15100",68.9638551572556,6,6.66799948589869e-13,0.784625595734843
"Tb927.7.5990",68.9539742429781,6,6.69908573058819e-13,1.95323584634385
"Tb927.11.16480",68.1074264087361,6,9.98756632952791e-13,1.83954169294948
"Tb927.7.7180",67.7323970028619,6,1.19193543923757e-12,0.828117845595027
"Tb927.8.1110",67.7231788212798,6,1.19704246515084e-12,0.696282170777252
"Tb927.9.15210",67.4590128318437,6,1.35580435767224e-12,0.546547237022093
"Tb927.11.11090",67.2554010529876,6,1.49225076739867e-12,1.88111356842409
"Tb927.9.11380",66.9302860093469,6,1.73927539037777e-12,0.432878484676754
"Tb927.10.6070",66.8523552966396,6,1.8043344596208e-12,0.686729896916125
"Tb927.9.10230",66.6999699610993,6,1.93856042329799e-12,1.4352026230514
"Tb927.3.3310",66.6490349805813,6,1.98563387954209e-12,0.508424458440753
"Tb927.11.3580",66.3439404879919,6,2.29238850124602e-12,4.28635926586021
"Tb927.7.2030",65.5655395164942,6,3.30646621193864e-12,1.62383184903734
"Tb927.5.2160",65.2960499177894,6,3.75333097935027e-12,1.54306601900717
"Tb927.8.6033",65.0736472006637,6,4.16711110062806e-12,0.586148689492545
"Tb927.11.10030",64.9612752573304,6,4.39326353074421e-12,0.751491772529195
"Tb927.10.3210",64.9535505887808,6,4.40925074229881e-12,0.972848331666139
"Tb927.10.6370",64.844092077785,6,4.6420645105627e-12,0.548920464734483
"Tb927.11.2050",64.5664413618879,6,5.28921351161671e-12,0.539921902167434
"Tb927.10.7570",64.3192655932681,6,5.94069238246675e-12,7.42959134444061
"Tb927.10.11970",64.262116746262,6,6.10234085485217e-12,4.00101337759704
"Tb927.10.2100",64.1680851062401,6,6.37789820956414e-12,0.445341448324351
"Tb927.1.2370",63.4872158734289,6,8.78119799097021e-12,0.528037475199253
"Tb927.10.7330",63.2988807365158,6,9.59288204427367e-12,0.445509607524856
"Tb927.10.14580",62.9408104627834,6,1.1348366690811e-11,0.552876402030671
"Tb927.8.7610",62.6965440125164,6,1.27263755089757e-11,1.28169104195292
"Tb927.7.2640",61.8784023659228,6,1.86775039878739e-11,1.4431969109585
"Tb11.v5.0468",61.5026324320133,6,2.22739604538447e-11,1.63394711944875
"Tb927.11.2060",61.4041509384263,6,2.33257857473745e-11,0.49217625649205
"Tb927.8.6160",61.2898823426548,6,2.4608426407724e-11,1.89123778683229
"Tb927.10.6510",60.914265284064,6,2.9341529206306e-11,0.832814217330297
"Tb927.3.3330",60.8772814631446,6,2.98540081544729e-11,2.52371640057523
"Tb927.11.6990",60.8633057802237,6,3.00500735406217e-11,2.80705144314611
"Tb927.8.3390",60.8060500075305,6,3.08665315529311e-11,3.57920984234079
"Tb927.10.4640",60.6477223310559,6,3.32412986026043e-11,2.1643031164234
"Tb927.11.13003",60.5591849613022,6,3.46478401525019e-11,0.5975080789672
"Tb927.4.3500",60.5057644631322,6,3.55250273642582e-11,0.761854576204382
"Tb927.11.6390",60.2450902499735,6,4.01341182509896e-11,2.59220513490358
"Tb927.7.2370",60.1636828440675,6,4.16922052437485e-11,0.626027324816943
"Tb927.6.2740",59.9699215339234,6,4.56479298804879e-11,3.58516509081708
"Tb927.11.11725",59.1400723484569,6,6.72857325412224e-11,0.498079286843765
"Tb927.7.440",59.11105105948,6,6.82044420940997e-11,2.24842480675644
"Tb927.6.5130",58.890242710134,6,7.56170681626145e-11,0.547714751994717
"Tb927.11.4290",58.8807173312341,6,7.59543539174956e-11,0.65372971231286
"Tb927.10.7340",58.6782890785107,6,8.34871061172748e-11,0.448719821252871
"Tb927.11.14020",58.4676434623249,6,9.21177578661059e-11,0.50117314771281
"Tb927.9.7890",58.2940785736709,6,9.98938709528829e-11,0.523004896935936
"Tb927.11.16615",57.9749671366561,6,1.15938703082463e-10,0.801787146670336
"Tb927.4.4730",57.7146896049699,6,1.30910282614138e-10,2.98513091171416
"Tb927.7.1120",57.6379721821726,6,1.35680466861743e-10,1.40130992413934
"Tb927.7.1290",57.5800231969683,6,1.39398270704305e-10,1.86203998156135
"Tb927.11.11330",57.4938039096857,6,1.45118583816384e-10,0.472653400397768
"Tb927.2.340",57.2261886324787,6,1.64408264780036e-10,1.2978572760272
"Tb927.5.1000",56.9540403514247,6,1.86648252409327e-10,1.08870412224106
"Tb927.10.180",56.8804464357723,6,1.93161708850198e-10,1.52435646176931
"Tb927.5.1110",56.6042854360848,6,2.19689821889801e-10,0.549790652099654
"Tb927.6.4690",56.3576425654046,6,2.46438536244398e-10,0.511759776876498
"Tb927.10.4830",56.1702465111669,6,2.68912447864977e-10,1.16672364401027
"Tb927.8.7650",56.1327874576667,6,2.73644107373627e-10,1.53912807535866
"Tb927.8.4810",56.0404196621358,6,2.85669599087157e-10,2.7274648181858
"Tb927.10.15180",55.9405013549743,6,2.99272051584865e-10,3.1813804613345
"Tb927.6.160",55.9163174745798,6,3.02660230211416e-10,1.23541161088466
"Tb11.v5.0346",55.8957411885477,6,3.05573122361125e-10,0.740007429066429
"Tb927.7.3680",55.8516319004542,6,3.11912051742524e-10,0.851418697300956
"Tb927.4.200",55.7008181934413,6,3.34592686890289e-10,0.949128175916571
"Tb927.7.380",55.3494255250478,6,3.94022481309264e-10,2.66093954108374
"Tb11.v5.0495",55.0571097639766,6,4.51401915846361e-10,2.59767334039729
"Tb927.5.3890",54.9819847959059,6,4.67448302288176e-10,1.96620765255709
"Tb927.9.10310",54.7526249313144,6,5.20043341722953e-10,3.35759868774352
"Tb927.7.1950",54.6582589929484,6,5.43359357507711e-10,0.864620084352607
"Tb927.10.10260",54.4820259103449,6,5.89729820532625e-10,0.871500674107876
"Tb927.7.2020",54.4236355504957,6,6.05947736431744e-10,0.747362110935329
"Tb927.9.14220",54.3723391158004,6,6.20561713127188e-10,1.9529292534829
"Tb927.10.2530",54.3322548028293,6,6.322257162239e-10,2.10578372083264
"Tb927.10.6630",54.1950231832726,6,6.73838318476783e-10,2.75755399695122
"Tb927.2.1120",53.6186095113038,6,8.80599371200219e-10,0.606975961253498
"Tb927.10.14710",53.307118847372,6,1.01752672954092e-09,0.491092968480641
"Tb927.7.1960",53.0401020938983,6,1.15167442249486e-09,1.84656631993772
"Tb927.7.330",52.8702874297192,6,1.24601717832462e-09,2.33970551420641
"Tb927.8.6030",52.7812940308112,6,1.29849619945333e-09,0.465747465543126
"Tb927.4.2040",52.4663781920539,6,1.50252921216065e-09,3.17327660546891
"Tb927.7.1320",52.268049425735,6,1.64711977390652e-09,2.1794323521296
"Tb927.7.5180",52.0310722629058,6,1.83818005261571e-09,0.487747671728968
"Tb927.8.7640",51.9964054609275,6,1.86792370460154e-09,0.760595392862466
"Tb11.v5.1059",51.9792317160455,6,1.88283577617909e-09,1.03855696308402
"Tb927.7.5980",51.8043307929336,6,2.04162819983367e-09,1.0002907462131
"Tb927.11.9530",51.6744148124647,6,2.16815643216961e-09,0.759284480109811
"Tb927.10.11540",51.1882396127068,6,2.71500022464011e-09,0.548601043066906
"Tb927.5.2260",51.0093888418544,6,2.9490716535463e-09,3.41347321606158
"Tb927.11.14165",50.8842087271096,6,3.12476389208172e-09,2.23541725325653
"Tb927.6.2940",50.837341127146,6,3.19319437558363e-09,1.4526533259425
"Tb927.11.4820",50.4673357779402,6,3.7885752313116e-09,0.493105356739785
"Tb927.11.7510",50.3362092247897,6,4.02512467800875e-09,2.56715084999097
"Tb927.11.17040",50.3305763382147,6,4.03560962425331e-09,4.889193998672
"Tb927.10.4560",50.2996903209164,6,4.09358602571075e-09,2.01589480852938
"Tb927.3.4360",50.2120188323875,6,4.26271606901452e-09,0.4588893915672
"Tb927.7.230",49.8967340637972,6,4.93056240280509e-09,0.757420919436545
"Tb927.3.2230",49.8681529831981,6,4.99602936798738e-09,2.1190838082575
"Tb927.2.6090",49.7214783279439,6,5.34587674128062e-09,0.816148547046088
"Tb927.11.6860",49.6910040366053,6,5.42157141403266e-09,1.21041810157314
"Tb927.1.710",49.617053216801,6,5.60972723828712e-09,2.55342660864291
"Tb927.7.7110",49.5057634230347,6,5.90521986865156e-09,0.838654973647486
"Tb927.6.510",49.4662000999448,6,6.0139622171107e-09,1.09910459133422
"Tb927.7.2980",49.3451630473013,6,6.35918584457329e-09,8.75122769797419
"Tb927.2.1170",49.060938754475,6,7.24946402907989e-09,0.780224518421646
"Tb927.8.6150",48.8067490843932,6,8.15031475642769e-09,0.727808551824563
"Tb927.10.15140",48.7838957953322,6,8.2365763098835e-09,1.11809993949177
"Tb927.2.5300",48.7276198820377,6,8.45289205297917e-09,0.676355564614265
"Tb927.9.1960",48.3876789379975,6,9.8853357721751e-09,2.06117099883623
"Tb11.v5.1060",48.2345796262541,6,1.06071210703718e-08,0.583665442362047
"Tb11.v5.0345",48.2032643665915,6,1.0761102675616e-08,0.478078981888975
"Tb11.v5.0294",48.1586029139402,6,1.09845700313471e-08,1.6776435032469
"Tb927.8.8290",47.8300430671641,6,1.27770238833591e-08,2.2933749754114
"Tb927.9.5150",47.8101542999992,6,1.28944346311499e-08,1.46779173770487
"Tb927.11.9720",47.8032404262241,6,1.2935501114697e-08,0.374140633553003
"Tb927.1.3820",47.723357756107,6,1.34195360379508e-08,1.27951780810273
"Tb927.9.11410",47.5487006253071,6,1.45416072516724e-08,0.52791474073174
"Tb927.8.6038",47.2457083793788,6,1.67142656382069e-08,0.416658152796484
"Tb927.1.2390",47.2176678425978,6,1.69309888331526e-08,0.43327531868409
"Tb927.8.3460",47.1837872373347,6,1.71965870432444e-08,3.38274484410693
"Tb927.2.1150",47.1221298836568,6,1.76906272963961e-08,1.42594803388919
"Tb927.9.15540",47.0037811565853,6,1.86788705613949e-08,0.903425128432769
"Tb927.4.1390",46.9028247026448,6,1.95652193335505e-08,0.959209384195859
"Tb927.11.13260",46.8091209802429,6,2.04253306490543e-08,1.41163093806806
"Tb927.11.14320",46.699556022147,6,2.14789047658925e-08,2.757381483526
"Tb11.v5.0448",46.6225054613939,6,2.22520708526019e-08,2.28580406446739
"Tb927.8.7120",46.5008520275463,6,2.35296189199374e-08,4.59866333840804
"Tb927.1.2820",46.4812849527783,6,2.37418159576563e-08,1.76133805715996
"Tb927.10.3380",46.4606037236284,6,2.39681675617831e-08,0.525519969716094
"Tb927.11.14190",46.4559126272359,6,2.40198089196397e-08,1.87705560061306
"Tb927.9.12510",46.4268354392887,6,2.43423829981992e-08,0.941253646188156
"Tb927.6.4980",46.1777741891736,6,2.72882071383762e-08,0.452898913195818
"Tb927.11.880",46.0005703546308,6,2.95977832243111e-08,0.621001605680029
"Tb927.11.13190",45.8518388242795,6,3.16858221882654e-08,2.28259296717713
"Tb927.1.370",45.8358084760378,6,3.19194506381848e-08,2.19253034063626
"Tb927.7.1730",45.7136039755201,6,3.37577794606858e-08,1.32090399672951
"Tb927.10.7790",45.6852086448893,6,3.4199808762736e-08,3.2938203102466
"Tb927.10.5480",45.6445661052247,6,3.48425371887728e-08,0.412312492936665
"Tb927.10.5330",45.5326779954647,6,3.66747685554003e-08,0.648018374480233
"Tb927.7.1980",45.5200752064165,6,3.68870667344368e-08,0.862517944130766
"Tb927.9.13820",45.5130066676038,6,3.70066739474595e-08,0.494459371727484
"Tb11.v5.0761",45.288383897092,6,4.1015451812676e-08,1.36619685817679
"Tb927.11.7040",45.1774626741948,6,4.31516695709178e-08,0.740045274254346
"Tb927.9.11540",45.1450376843964,6,4.3796810844654e-08,1.22740212528371
"Tb927.3.4680",45.0956109654275,6,4.47987501539515e-08,1.57873310717622
"Tb927.9.8070",44.9773115346546,6,4.72904756465553e-08,0.557236897881159
"Tb927.10.5010",44.629951932458,6,5.54328527524461e-08,3.51497014986529
"Tb927.8.1870",44.483202090561,6,5.9278981834332e-08,0.694673236578145
"Tb927.6.2100",44.4252072073319,6,6.08711906435744e-08,0.451421948252589
"Tb927.7.420",44.3917437766689,6,6.18092027560024e-08,4.05634020574178
"Tb927.10.1090",44.345917339142,6,6.3117151616332e-08,0.461074641885155
"Tb927.6.4570",44.3407635206522,6,6.3265961580683e-08,1.77492086906243
"Tb927.9.7920",44.2035818541164,6,6.73578870458158e-08,0.488601247130496
"Tb927.9.11300",44.1653517714283,6,6.85444611070452e-08,1.69220852749413
"Tb927.10.2090",44.0341788151837,6,7.27761970686913e-08,0.63139781297393
"Tb927.8.7600",44.0163128072492,6,7.33723417578602e-08,1.97453731498001
"Tb927.4.440",43.9451946824412,6,7.57939568885035e-08,1.39250433416615
"Tb927.11.550",43.9226377680827,6,7.65785287404341e-08,0.782902162465557
"Tb927.10.14700",43.8615813139046,6,7.87429803583706e-08,2.79421629852473
"Tb927.9.13785",43.6619427845532,6,8.6254298814481e-08,1.66849686016281
"Tb927.2.3460",43.6577529100096,6,8.64193543392844e-08,1.13644319350543
"Tb927.3.4100",43.5825658104255,6,8.94352866209758e-08,1.25180768289376
"Tb927.2.950",43.3174192473095,6,1.00931643487456e-07,1.76736836151253
"Tb927.4.1610",43.2721860440755,6,1.03034790033263e-07,1.16383860710765
"Tb927.9.11270",43.1424968125047,6,1.09309683637981e-07,1.16474812264051
"Tb927.6.5010",42.8428229465037,6,1.2530203852279e-07,0.996467548946128
"Tb927.9.10560",42.7941909134196,6,1.28108464503285e-07,2.45284554447462
"Tb927.8.5640",42.7842517771765,6,1.28689678913219e-07,3.68172880207671
"Tb927.10.13490",42.6935099667729,6,1.34118857464394e-07,1.6477862334477
"Tb927.9.8100",42.632367365489,6,1.37905025288099e-07,0.464020896049538
"Tb927.10.11030",42.52701825575,6,1.44679788482982e-07,1.71074402293727
"Tb927.2.1380",42.4898301299473,6,1.4714953500139e-07,4.84079155239637
"Tb927.11.11370",42.4601113519876,6,1.49153350337272e-07,0.466935736249803
"Tb927.11.15840",42.4037783611808,6,1.53026467830664e-07,2.78674353548432
"Tb927.10.7810",42.1865995589643,6,1.68918145915242e-07,2.24887193684774
"Tb927.11.4910",42.1725370519529,6,1.70002000143832e-07,1.16625485355303
"Tb11.v5.0295",42.0828285376894,6,1.77080942798113e-07,0.679704454277587
"Tb927.9.6070",41.9429003392378,6,1.88712674042968e-07,0.494677869816387
"Tb927.4.220",41.9016051591915,6,1.92288475142632e-07,1.98567385169606
"Tb927.7.6000",41.8752018312127,6,1.94610022985486e-07,0.752865821800131
"Tb927.3.2420",41.6496612351915,6,2.1561231011713e-07,0.921323678807303
"Tb927.10.6400",41.6206534327529,6,2.18472262614178e-07,1.91370094981304
"Tb927.2.5850",41.5813420271676,6,2.22408396699514e-07,2.4608225914234
"Tb927.11.4860",41.4540464285094,6,2.35644697310633e-07,2.09847761338049
"Tb927.8.6170",41.4218298854359,6,2.39117060152338e-07,6.24275322698019
"Tb927.11.13050",41.4175890076183,6,2.39577925831291e-07,0.741320237009647
"Tb11.v5.1035",41.4162670259962,6,2.39721769101919e-07,0.433528674062899
"Tb927.6.4580",41.378511496501,6,2.43866371318902e-07,1.58619636832304
"Tb927.2.1560",41.1784350548749,6,2.67049042768086e-07,1.97320006695294
"Tb927.11.11590",41.0069907526122,6,2.88649909641059e-07,2.33544656385547
"Tb927.8.7630",40.9660550954676,6,2.94059441796612e-07,1.05237713270741
"Tb927.11.13610",40.9269380612719,6,2.99322840624505e-07,3.77300936984831
"Tb927.10.11300",40.8878767046827,6,3.04672254314298e-07,1.42987594946083
"Tb927.2.4700",40.7615043637096,6,3.22638915251083e-07,2.03447331314587
"Tb927.7.3020",40.5333314029119,6,3.57788950910987e-07,6.80247677537123
"Tb927.3.740",40.5060884602116,6,3.62232461248446e-07,1.29357207785653
"Tb927.10.9880",40.469780463199,6,3.68239979509077e-07,0.481063236529797
"Tb927.2.5310",40.3856731499224,6,3.82539744991917e-07,0.573009586171195
"Tb927.6.2640",40.3628939654788,6,3.86506774696649e-07,1.18191319186535
"Tb927.1.70",40.1692373590826,6,4.21927907612307e-07,1.26525336058158
"Tb927.7.1970",40.0697262808793,6,4.41366435843804e-07,0.590981467176386
"Tb927.2.2520",40.0220443295506,6,4.50993738243533e-07,2.2838006302618
"Tb927.1.2310",40.0186677537873,6,4.51683356161858e-07,2.85626359161021
"Tb927.11.740",39.9926638237995,6,4.57029547873411e-07,0.531123339772836
"Tb927.9.15620",39.9395189501696,6,4.68152205113093e-07,0.883194769051643
"Tb927.7.360",39.9049299254619,6,4.75535517852066e-07,2.75440718745209
"Tb927.6.220",39.6276169202867,6,5.39071993266305e-07,1.18159235505516
"Tb927.8.2030",39.5985134922566,6,5.4621097589358e-07,1.88643740914177
"Tb927.7.7430",39.5723259642358,6,5.52715010537774e-07,2.84150485895582
"Tb927.6.4440",39.4232476325454,6,5.91234926128337e-07,1.01328325934701
"Tb927.6.3750",39.4040095359465,6,5.96396422136714e-07,2.48004643915283
"Tb927.9.5650",39.1216368892626,6,6.77518861902371e-07,3.74182481293641
"Tb927.10.12680",39.1072651807849,6,6.81929165802231e-07,0.399048562051854
"Tb927.3.640",39.0975390615042,6,6.84930042127441e-07,3.38532230465889
"Tb927.10.1080",39.0667755587674,6,6.94508457188547e-07,0.40848474299849
"Tb927.6.1990",39.0644326698078,6,6.95243364767784e-07,1.27353401425103
"Tb927.11.5840",39.0523499010532,6,6.99045729746217e-07,0.892589157150968
"Tb927.5.4030",39.0360857880711,6,7.04196600254114e-07,1.3560746939886
"Tb927.4.1800",38.9946329589657,6,7.17496059898792e-07,0.391575385956878
"Tb927.1.2330",38.8492338797517,6,7.6614983168799e-07,0.365991164351798
"Tb927.2.5060",38.8463623605636,6,7.67143021884742e-07,1.91819182465772
"Tb927.11.12100",38.843660647531,6,7.68078648683002e-07,2.53222243650955
"Tb927.11.11690",38.6462124607177,6,8.39618475412252e-07,1.7698705527765
"Tb927.9.9210",38.5211259710131,6,8.88328308801256e-07,0.453835916539923
"Tb927.3.5090",38.5006813107888,6,8.96552484364044e-07,1.70299184877695
"Tb927.10.14790",38.2632289487647,6,9.97798586643839e-07,7.04393770639787
"Tb927.2.170",38.2384221196232,6,1.00901034905121e-06,0.786420368330395
"Tb927.11.1990",38.1034581444298,6,1.07223913481391e-06,3.12829582045591
"Tb927.9.14990",38.0928723449491,6,1.07736185617213e-06,3.43238876874917
"Tb927.10.3040",38.0570468316722,6,1.09487981636569e-06,1.97840472197678
"Tb927.10.2620",38.0000529781764,6,1.123333897457e-06,2.36589630198439
"Tb927.10.5770",37.9835619782584,6,1.1317032473368e-06,1.24952602706108
"Tb927.7.710",37.9059697078151,6,1.17192145077105e-06,14.3509547508053
"Tb09.v4.0067",37.8467434958816,6,1.20357312149988e-06,0.623924291609269
"Tb927.6.4130",37.6496601472326,6,1.31514225609752e-06,5.42721026406806
"Tb927.9.3920",37.6471930948266,6,1.31660207869366e-06,0.794346426208556
"Tb927.8.1990",37.3941810319057,6,1.47519310400579e-06,4.02050748263517
"Tb927.11.1880",37.3818120571246,6,1.48341512085093e-06,0.528137130913091
"Tb927.11.14000",37.3444057715471,6,1.50855826652752e-06,0.460480117354866
"Tb927.11.2650",37.1610562774614,6,1.63805788755411e-06,10.5620685284761
"Tb927.11.4020",37.123128142667,6,1.66619480579389e-06,1.11386955809035
"Tb927.9.7980",36.694100415113,6,2.01992650927796e-06,0.487281045121688
"Tb927.11.6160",36.5385095261075,6,2.16586500123572e-06,1.12351661360694
"Tb927.4.3950",36.508578008887,6,2.19511804067096e-06,1.43613594509543
"Tb927.1.2380",36.462099193661,6,2.24132303328073e-06,0.609457676373131
"Tb927.10.13620",36.3972795924534,6,2.30737803630365e-06,2.32413406006307
"Tb927.11.10720",36.384558645411,6,2.32056662741176e-06,3.54404928967734
"Tb927.10.16080",36.3629250604285,6,2.34316766878351e-06,1.28767264817891
"Tb11.v5.0343",36.3197054525678,6,2.38897683868533e-06,3.02843455055869
"Tb927.11.9860",36.1923957993776,6,2.52914796672332e-06,0.863299492629718
"Tb11.0820",36.111357290877,6,2.62259730210435e-06,0.533936376271577
"Tb927.9.2020",35.9521563115617,6,2.8162796115172e-06,0.47294896871341
"Tb927.3.1840",35.8641613435404,6,2.92936173496017e-06,1.03224359419672
"Tb11.v5.0594",35.8263830108183,6,2.97928346992826e-06,0.928319214243785
"Tb927.7.840",35.7598133608618,6,3.06931570881464e-06,2.32828202628931
"Tb927.2.470",35.6088395099411,6,3.28363653179231e-06,0.592757201763913
"Tb927.11.4460",35.604794199283,6,3.2895791278742e-06,0.859912028804389
"Tb927.3.960",35.5370149982817,6,3.39075075395101e-06,1.17524075792697
"Tb927.8.5190",35.5339502030096,6,3.39539776772479e-06,6.20399944594411
"Tb927.2.370",35.4902629538721,6,3.46233047121558e-06,0.500907080950494
"Tb927.9.15590",35.3913498385883,6,3.61875408427803e-06,2.71015672535259
"Tb927.11.14130",35.1603619554727,6,4.01190358156889e-06,0.406861893804818
"Tb927.2.5290",35.0514763496216,6,4.21165941066892e-06,0.62444197521285
"Tb927.1.420",34.9664296756411,6,4.37452281132344e-06,0.767076896147898
"Tb927.9.9780",34.8991011528895,6,4.50787721284485e-06,2.50580878082481
"Tb927.10.5030",34.8787291325118,6,4.54901669744157e-06,0.471102374208338
"Tb927.11.15660",34.8549299215295,6,4.59754930792755e-06,1.68754205144136
"Tb927.11.10060",34.8419893040384,6,4.62415385815707e-06,3.43195619945507
"Tb927.2.450",34.831048791661,6,4.64676557876409e-06,0.561781938301576
"Tb927.10.16120",34.8203554557273,6,4.66897249529197e-06,3.01374394377852
"Tb927.2.1310",34.6505934780721,6,5.0359637185915e-06,0.628263474673702
"Tb927.10.13530",34.5713697074163,6,5.21689190069452e-06,2.03284444306966
"Tb11.v5.1034",34.5492062994497,6,5.26865279848465e-06,0.355209766590406
"Tb11.v5.0693",34.4703152229653,6,5.45706727972384e-06,3.80818525545806
"Tb927.11.500",34.4634170439469,6,5.4738566093171e-06,1.24857444303162
"Tb927.11.9020",34.4325164216604,6,5.54969635047087e-06,1.97263066269675
"Tb927.4.1860",34.4141248696797,6,5.59532903343651e-06,0.467909669081449
"Tb927.8.1650",34.3421775550324,6,5.7774487991491e-06,3.68947857151689
"Tb927.4.2320",34.3003472551628,6,5.88602538720284e-06,2.45499617384814
"Tb927.10.14040",34.2547230616659,6,6.00675935802375e-06,4.3507567272428
"Tb927.11.5950",34.2525247046024,6,6.01263846555788e-06,0.530810268701074
"Tb927.10.1100",34.1875643140568,6,6.18896443971284e-06,0.369027046882017
"Tb927.9.13100",34.1343688034365,6,6.33717036069292e-06,2.581520554107
"Tb927.9.11940",34.1063149957827,6,6.41674290180472e-06,2.78206789066615
"Tb927.10.6640",34.1011127765215,6,6.43160721136571e-06,2.83603707409608
"Tb927.4.1120",34.0119821724789,6,6.69165342126465e-06,3.52631888125344
"Tb927.8.4910",33.9054114138098,6,7.01630866484226e-06,1.20567349267095
"Tb927.3.2900",33.8280148732675,6,7.26183904276034e-06,1.27579319450459
"Tb927.9.6910",33.7985460536896,6,7.35754959824142e-06,4.01778024545935
"Tb927.10.6730",33.7979148094058,6,7.35961342346325e-06,1.49673210820511
"Tb927.9.15170",33.6790964401043,6,7.75849231193781e-06,0.854674558673888
"Tb927.2.5360",33.635847831849,6,7.90894309143919e-06,0.558711339420028
"Tb927.1.3180",33.5739949438763,6,8.12915617331988e-06,0.466437264085222
"Tb927.11.8170",33.5225631395634,6,8.31689116886913e-06,1.99342667615772
"Tb11.v5.0551",33.4312497016724,6,8.66085791551008e-06,0.733662795635051
"Tb927.4.2030",33.3541369643651,6,8.96229623426059e-06,1.28776939521934
"Tb927.11.13020",33.3396498405962,6,9.02007759728818e-06,2.80335554478542
"Tb927.10.4710",33.3064086510661,6,9.15405930101976e-06,1.04179582662083
"Tb927.8.3060",33.2782259013028,6,9.2691974772352e-06,2.19751436116414
"Tb927.9.12290",33.2622522430031,6,9.33509309219982e-06,2.27611235552035
"Tb927.6.5090",33.2516549375464,6,9.37906598874605e-06,2.1058697228155
"Tb927.4.3450",33.0992892339539,6,1.00344859886858e-05,5.60559924509594
"Tb927.8.2310",32.9554338451936,6,1.06949134232037e-05,1.66736916439759
"Tb927.9.10400",32.9552110224559,6,1.06959691056341e-05,2.75540542250062
"Tb927.9.10850",32.9484900682635,6,1.07278600439686e-05,1.41225073590918
"Tb927.1.2880",32.9162995362114,6,1.08819164326146e-05,1.1044052542342
"Tb927.10.11150",32.8626092964698,6,1.1143761490473e-05,1.45932708000831
"Tb927.3.2910",32.8544062223726,6,1.11843140485623e-05,4.62789985119111
"Tb927.10.12740",32.822740591708,6,1.13422331179391e-05,2.17745733207863
"Tb927.11.9425",32.806821970846,6,1.14224537616225e-05,1.35540607420368
"Tb927.11.600",32.7489830496931,6,1.17186932697688e-05,3.86224193506011
"Tb927.4.160",32.7452756400236,6,1.17379396173956e-05,3.96003371539751
"Tb927.4.1880",32.730253152334,6,1.18162474993522e-05,2.76208117270396
"Tb927.6.3650",32.7085008031756,6,1.19305551847804e-05,2.62370514980417
"Tb927.6.130",32.6471640061593,6,1.22588162894122e-05,3.00836950771604
"Tb927.11.13960",32.6142060140716,6,1.24388830992084e-05,2.30079863376144
"Tb05.5K5.150",32.6071907319074,6,1.24775484854345e-05,1.52413785735757
"Tb927.7.1500",32.557603427278,6,1.27542728703967e-05,1.5258110358351
"Tb927.9.6380",32.549886069361,6,1.27978837571874e-05,3.30856015727138
"Tb927.9.15560",32.5362461167282,6,1.28753252013336e-05,0.505649565966296
"Tb927.8.2320",32.4747951188046,6,1.32300177785316e-05,0.750870048522509
"Tb927.3.970",32.4495807882916,6,1.337834152082e-05,2.59455058840562
"Tb927.11.13570",32.4423435373533,6,1.34212184802474e-05,1.44664128335177
"Tb927.11.8050",32.4245165063643,6,1.35274164092536e-05,1.64103576116416
"Tb927.2.280",32.4060967920573,6,1.36380201817277e-05,0.604692137099877
"Tb927.11.15180",32.2850333804659,6,1.43876081489802e-05,1.17922737876003
"Tb927.11.15360",32.2374448800483,6,1.46933203994948e-05,2.58781795194802
"Tb927.6.1880",32.2057506842408,6,1.49004901256466e-05,1.62802910609948
"Tb11.v5.0469",32.2018584197464,6,1.49261308016735e-05,0.557906301162604
"Tb927.11.6140",32.0999462885293,6,1.56132754224325e-05,0.451853115183081
"Tb927.7.3410",32.0861212235683,6,1.57088749324075e-05,1.52979876160999
"Tb927.8.1340",32.0022146448598,6,1.63016576305575e-05,0.401851032758807
"Tb927.1.2230",31.9464719604357,6,1.67076719813641e-05,2.94164498742575
"Tb927.11.4130",31.9387289312038,6,1.6764857241891e-05,2.51136621416702
"Tb927.10.4270",31.9386565515299,6,1.67653927078959e-05,1.74916719745359
"Tb927.11.4750",31.9169914250496,6,1.69264359877186e-05,0.727616897445801
"Tb927.8.7980",31.9131205846579,6,1.69553701023784e-05,1.85392314062947
"Tb927.2.4920",31.9097087011115,6,1.69809142094302e-05,0.950116798102906
"Tb927.9.4520",31.8528590516138,6,1.74121925509141e-05,1.33020443569018
"Tb927.7.1750",31.7350534877651,6,1.83407580927053e-05,0.560099931622046
"Tb927.3.1380",31.6742224992357,6,1.88392848494701e-05,3.52766474600829
"Tb927.6.5120",31.6096982943913,6,1.93827594706653e-05,0.40749191626991
"Tb927.10.8375",31.4948870789139,6,2.03884812711719e-05,5.14567180139184
"Tb927.9.1810",31.4802913127238,6,2.05199865980221e-05,0.659125918299005
"Tb927.9.5210",31.3479580429826,6,2.1751298775019e-05,1.38735117655105
"Tb927.9.4750",31.2630168503249,6,2.25799344982791e-05,0.614603088565558
"Tb927.11.14495",31.0765524820977,6,2.45102528670937e-05,1.47571947135114
"Tb927.7.3900",31.0455848675811,6,2.4846298650627e-05,9.65389706097005
"Tb927.9.15000",30.9891536115491,6,2.54704419503371e-05,1.25046127954612
"Tb927.11.10910",30.9026353193205,6,2.64576389474858e-05,0.571031870132406
"Tb927.9.12320",30.8384936846746,6,2.72138886554529e-05,1.8507487984578
"Tb927.11.8970",30.7714357013502,6,2.8027419600285e-05,2.40585813629065
"Tb927.10.270",30.7602730321609,6,2.81651614980616e-05,0.424704266496126
"Tb927.11.2460",30.7192269048679,6,2.86774406430546e-05,0.647741907675904
"Tb927.9.10840",30.7037935590877,6,2.88724356738435e-05,1.5441866480123
"Tb927.11.8200",30.6495922585347,6,2.95677121137095e-05,0.418694896102435
"Tb927.9.5590",30.6488290761326,6,2.95776194161324e-05,1.92181581256958
"Tb927.11.2235",30.6408110398277,6,2.96819050005226e-05,1.69880608070859
"Tb927.11.15880",30.6355203125229,6,2.97509175173349e-05,0.741405242345417
"Tb927.8.5600",30.6216895213789,6,2.9932078666528e-05,3.46876403481846
"Tb11.v5.1026",30.4658212125916,6,3.20507937562331e-05,1.89879486516365
"Tb927.9.9550",30.4223109217936,6,3.26682963023295e-05,2.13558061916043
"Tb927.9.13110",30.4022534644643,6,3.29569067877289e-05,2.10860746531745
"Tb927.10.12840",30.3250149140996,6,3.40920805774747e-05,28.1476079716478
"Tb927.11.520",30.3142314340197,6,3.42536147568406e-05,4.22985945974653
"Tb927.6.2560",30.2958079639793,6,3.45313495695443e-05,4.41173129642738
"Tb927.5.3820",30.2330198020226,6,3.54947384396676e-05,1.43805192864099
"Tb927.7.7500",30.1406720794956,6,3.69602190223306e-05,2.02021278826001
"Tb927.10.780",30.0743718514077,6,3.80491353607626e-05,3.17581452199179
"Tb927.9.14440",30.0375427389689,6,3.86676767372141e-05,1.04138165921178
"Tb927.9.8200",30.0021625793674,6,3.92712540997486e-05,1.03104018451463
"Tb927.7.4160",29.8873903208665,6,4.12941694535318e-05,2.23488921158842
"Tb927.10.10390",29.880446035784,6,4.14198223247508e-05,3.43808386605521
"Tb927.11.1320",29.8437346940649,6,4.20904086173568e-05,1.57365957297383
"Tb927.11.14250",29.8252589964571,6,4.24319479831459e-05,4.4389163053627
"Tb927.11.1890",29.7985684071685,6,4.29301958748685e-05,1.97021662485545
"Tb927.11.11250",29.7971013522939,6,4.29577494635014e-05,1.19349990743892
"Tb927.11.15900",29.7701595913929,6,4.34668816035044e-05,0.334508718392908
"Tb927.11.440",29.7189285964385,6,4.44515512377786e-05,2.30749004996951
"Tb927.11.15300",29.6617108588048,6,4.55774008709664e-05,1.29377317530123
"Tb927.9.8655",29.633489533903,6,4.61430466973667e-05,0.677874499826696
"Tb927.8.3090",29.6315472380384,6,4.61822310729998e-05,1.11441881483545
"Tb927.9.10790",29.5172906927158,6,4.85461560437717e-05,1.00381686523642
"Tb927.6.3160",29.5083240150264,6,4.87366618433516e-05,1.42397169468003
"Tb927.9.4960",29.4767343315592,6,4.94137283331142e-05,0.439252719828809
"Tb927.11.6590",29.3786146255485,6,5.15766557067643e-05,2.22201904015558
"Tb927.7.3500",29.3684756737574,6,5.18054271768653e-05,2.15456986852605
"Tb927.9.6210",29.2784404375169,6,5.38814966901668e-05,0.96667012757067
"Tb927.6.3800",29.0808900004843,6,5.87295191694093e-05,0.518949977333359
"Tb927.10.6790",29.0689192905771,6,5.90367760897603e-05,1.49739930654311
"Tb927.6.700",28.9870600347431,6,6.11809307627942e-05,2.52699431305643
"Tb927.10.6850",28.9232469968868,6,6.29056682045492e-05,0.9963488133992
"Tb927.11.8250",28.8104200797899,6,6.6073630162089e-05,1.64125190807991
"Tb927.10.12000",28.8048195936629,6,6.62349268446549e-05,1.5891055715913
"Tb927.10.13580",28.5466046139443,6,7.41100707664089e-05,0.568086554178098
"Tb927.2.5320",28.537585377819,6,7.44012661983984e-05,1.15357346090719
"Tb927.4.1080",28.5036994475922,6,7.55054541785594e-05,2.84774322070997
"Tb927.11.1390",28.5017470780109,6,7.55695643678278e-05,1.48742361709673
"Tb927.10.15150",28.452188386786,6,7.72150741097377e-05,2.97066327743206
"Tb927.7.5950",28.4032776238912,6,7.8873793819545e-05,1.51388877349603
"Tb927.4.250",28.3971096931623,6,7.90854536957264e-05,2.36616283274809
"Tb927.10.5900",28.3605009793071,6,8.0353332788663e-05,0.886154501380989
"Tb927.7.7470",28.3567715632792,6,8.04836170507084e-05,4.88491504887432
"Tb927.9.15550",28.3517705619627,6,8.06586510080365e-05,0.601271582771719
"Tb927.6.1600",28.2770253631886,6,8.33200069975115e-05,2.12924511105065
"Tb927.11.8380",28.2671953782476,6,8.36764079696906e-05,6.4163535702469
"Tb927.11.15810",28.2340825590391,6,8.48880882043934e-05,1.44370480121827
"Tb927.4.2180",28.2324270715365,6,8.49491197603136e-05,0.346044870575794
"Tb927.10.220",28.1530422276088,6,8.7927212257255e-05,0.395920189562812
"Tb927.4.1300",28.1335190071863,6,8.86752894793119e-05,2.75141363968265
"Tb927.7.1040",28.1126592185825,6,8.94815329058885e-05,0.434507704417141
"Tb927.3.3410",28.0729797539773,6,9.1035219443425e-05,0.835994014810336
"Tb927.9.4680",28.0534028686247,6,9.1811563835642e-05,0.579554970266546
"Tb927.8.4450",27.8577513610948,6,9.99389160590836e-05,1.9007352869386
"Tb927.4.3460",27.8467856141694,6,0.000100414904623647,0.941516290830995
"Tb927.10.1250",27.8322186435397,6,0.000101050677224546,1.20359607062385
"Tb927.9.13710",27.811094715855,6,0.000101979699518417,0.626495455568688
"Tb927.11.8420",27.7802548821459,6,0.000103351198548096,2.33172331974061
"Tb927.8.7530",27.7224109591638,6,0.000105972946910282,3.59172386724079
"Tb927.11.4960",27.5822919555845,6,0.000112599282386161,2.64364798903266
"Tb927.10.11330",27.5334563081488,6,0.000115003644233669,3.29664810688609
"Tb927.10.8790",27.4949347882584,6,0.000116935925095318,2.28273761557581
"Tb927.9.15810",27.4363116370261,6,0.000119938231238015,0.860101357866911
"Tb927.1.3950",27.3866406297167,6,0.000122541562546763,3.24142440017078
"Tb927.8.5330",27.3448693486977,6,0.000124774004410244,1.36337345871822
"Tb927.9.15360",27.3430546142203,6,0.000124871897063672,0.354341074975448
"Tb927.11.15970",27.2915948554722,6,0.000127679598973418,4.07754217400523
"Tb927.9.6650",27.1782267046326,6,0.000134086956389945,1.36880760400886
"Tb927.11.16760",27.1657973509905,6,0.000134808471143888,1.60798546738033
"Tb927.2.5120",27.1657270524,6,0.000134812562809339,6.35291818004519
"Tb927.7.3240",27.1470678340679,6,0.000135902953475209,3.67717346514032
"Tb927.7.1090",27.0876652797741,6,0.000139432592223598,0.707187990631805
"Tb927.10.8400",26.9342304373673,6,0.000148973879654513,1.53372445193028
"Tb11.v5.0543",26.9197300395395,6,0.000149908244416297,0.305866774462213
"Tb927.4.5080",26.9056079097072,6,0.000150823795510346,2.28841527531232
"Tb927.11.1950",26.8070131303566,6,0.000157371427601527,2.4445753176323
"Tb927.9.13650",26.7768927828354,6,0.000159427095717257,0.834686439501138
"Tb927.6.4670",26.7762054067835,6,0.000159474316139829,3.80601777712233
"Tb927.7.4470",26.74072245685,6,0.000161930718668213,0.846719415268559
"Tb927.7.1130",26.7079860144514,6,0.000164230092585371,3.23380577572734
"Tb927.8.6000",26.6923576170573,6,0.000165339151759869,3.56960095240857
"Tb927.9.15640",26.624737895151,6,0.000170223549139648,1.8145202721082
"Tb927.10.12500",26.5526197908724,6,0.000175589865852088,1.31949205251583
"Tb927.7.1630",26.5262139630722,6,0.00017759620175517,2.97858713689025
"Tb927.5.2380",26.4795371588023,6,0.000181198235811419,3.23227076974051
"Tb927.8.2550",26.448832517241,6,0.000183606917408152,1.45507034071525
"Tb927.11.16730",26.4056948151868,6,0.000187044395940639,0.757980253315105
"Tb927.10.2900",26.3798358480678,6,0.000189135361857939,1.11783646307976
"Tb927.11.6190",26.3730643936757,6,0.000189686704322511,6.53594928990437
"Tb927.5.3745",26.3699759746747,6,0.00018993869457784,1.9597208546237
"Tb927.10.210",26.3578401807266,6,0.000190932081322814,2.62391611634017
"Tb927.11.155",26.3417133219573,6,0.00019226009696871,4.554924886566
"Tb927.3.780",26.3372612236099,6,0.000192628321293298,2.99426185174464
"Tb927.11.3080",26.2493298504748,6,0.00020004521537953,3.999151786941
"Tb927.3.4390",26.2179700178781,6,0.000202757964501754,1.23303656151304
"Tb927.2.1350",26.1917631527298,6,0.00020505277439431,1.6719239372053
"Tb927.9.4210",26.0926304751364,6,0.000213967469126497,2.41626630890663
"Tb927.3.3030",26.0863412824194,6,0.000214545759831486,1.25511630536126
"Tb927.10.8980",26.0738049377206,6,0.000215703078964236,2.28054969791379
"Tb927.8.6010",26.0689332961466,6,0.000216154474465324,1.39388147065335
"Tb927.9.11330",26.0598799967576,6,0.000216995809271814,7.42918671505875
"Tb927.10.2840",26.0472452644425,6,0.000218175373424612,0.499343024707793
"Tb927.8.5540",25.9471359809602,6,0.000227747775093046,2.30718969690487
"Tb927.2.540",25.9125620793111,6,0.000231149013029452,0.676741236353637
"Tb927.10.9190",25.8974716443011,6,0.000232649206673874,1.68455527799547
"Tb927.2.5910",25.8718096535545,6,0.000235222435664983,0.373451227803073
"Tb927.8.4000",25.8684173444534,6,0.000235564689537116,1.46772048646202
"Tb927.9.5960",25.8377838735391,6,0.000238677660087783,5.76816307329341
"Tb927.10.3760",25.8010949015378,6,0.000242459415412788,1.15330504157783
"Tb927.5.3050",25.7932444989584,6,0.000243276246086332,1.89455359819345
"Tb927.6.4650",25.7739364807786,6,0.000245296798650152,1.84004663075911
"Tb927.9.15610",25.7040688117384,6,0.000252747579289836,0.550847678744722
"Tb927.8.595",25.6115637428244,6,0.000262956692709926,2.4857625439189
"Tb927.11.10770",25.5843633562014,6,0.000266035206548554,1.9803216768439
"Tb927.9.12200",25.5724841948858,6,0.000267390800585576,0.342228372081735
"Tb927.10.2490",25.5714771291795,6,0.000267506034818621,10.3533977060634
"Tb927.11.1560",25.5599916357176,6,0.000268823739092428,1.96203727401735
"Tb927.6.2410",25.5486408621115,6,0.000270132273506363,3.03881166536588
"Tb927.6.5060",25.5266649977537,6,0.000272683556281739,6.40464966117327
"Tb927.3.1370",25.5131428536972,6,0.000274265195761569,0.452647573981214
"Tb927.1.2160",25.4894798013605,6,0.000277054771661622,0.378943968153952
"Tb927.11.13800",25.4764077508947,6,0.000278607775513029,2.44709087292637
"Tb927.7.2780",25.4144143242961,6,0.000286090434166497,0.846631409256548
"Tb927.2.400",25.3374533106346,6,0.000295655754700364,0.532482148272128
"Tb927.7.2000",25.3051153920001,6,0.000299768386249788,0.548614645186751
"Tb927.11.11490",25.2922442904861,6,0.000301420931824725,1.50670013394941
"Tb927.10.8230",25.2778084603872,6,0.000303285059022107,2.16775127092352
"Tb927.10.1240",25.2672080952086,6,0.000304661135110851,2.46624601995287
"Tb927.11.190",25.2420090412979,6,0.000307957072574916,0.621405250444866
"Tb927.11.11230",25.2180443191208,6,0.000311124152034936,0.418142056936666
"Tb927.9.8810",25.1265481648382,6,0.000323513834111888,2.19371640367891
"Tb927.1.380",25.0900715181102,6,0.000328587640066158,1.84226425474618
"Tb927.1.2850",24.971735022939,6,0.000345593715110781,0.388423206316767
"Tb927.3.800",24.9312791785694,6,0.000351604193686184,3.6973161267712
"Tb927.10.10420",24.9146923997284,6,0.000354098130648239,1.89770963429985
"Tb11.v5.0703",24.9003467159765,6,0.000356269150142086,2.84280634487601
"Tb927.10.2510",24.8961575451126,6,0.000356905592553969,1.63380191665923
"Tb927.11.13900",24.866934486906,6,0.000361376585730877,1.65027431108916
"Tb927.8.7370",24.8548345415174,6,0.000363243930707635,1.92506464913216
"Tb927.10.7440",24.8506749336057,6,0.000363888062023143,3.15062284013099
"Tb927.6.520",24.8356098335802,6,0.000366230380682064,0.952669845620912
"Tb927.11.5520",24.7714412241062,6,0.000376374753531139,1.52226874934113
"Tb927.10.2560",24.7677247217871,6,0.000376970697262724,0.926547177335506
"Tb927.5.3770",24.7268600195967,6,0.000383584978938201,0.634926966891478
"Tb927.1.1220",24.7245326311435,6,0.000383965106389716,2.90569984853224
"Tb927.10.1630",24.7004649569065,6,0.000387917847226027,9.06149132603002
"Tb927.10.3830",24.6887648152549,6,0.000389853861657685,0.671044202359854
"Tb927.10.9600",24.673008952137,6,0.000392476014619447,2.67447786156795
"Tb927.10.4900",24.6723765085576,6,0.00039258163014233,1.32135442907501
"Tb927.1.2430",24.6685082350072,6,0.000393228225559539,0.363178087607095
"Tb927.7.310",24.6642533057409,6,0.000393940663029446,1.09299400309334
"Tb927.11.14930",24.5756814620772,6,0.000409062936404636,4.23521368411952
"Tb927.11.1020",24.5345532406145,6,0.000416277885169514,2.37897240465044
"Tb927.10.11100",24.5281615775938,6,0.0004174103392377,2.51329371301946
"Tb927.2.680",24.4934969808269,6,0.000423605134576732,1.61211410257882
"Tb927.11.435",24.430198981492,6,0.000435151310464343,1.11844937299102
"Tb927.6.1500",24.3413121493617,6,0.000451889744931044,1.85170178780027
"Tb927.9.15570",24.3408261576007,6,0.000451982982773824,0.515372690399628
"Tb927.11.6790",24.3373813852613,6,0.00045264440763193,1.37915391926057
"Tb927.11.2390",24.330272830609,6,0.00045401232195974,1.90601400684062
"Tb927.2.820",24.3144345845782,6,0.000457074758358877,0.911062577375563
"Tb927.9.15110",24.2490119922181,6,0.000469941565932719,0.361834176575543
"Tb927.11.2160",24.2457309344362,6,0.00047059616208367,4.50669578661239
"Tb927.1.60",24.2288307817178,6,0.000473982112967786,0.45281452775019
"Tb927.11.11460",24.2095042815091,6,0.000477883575161542,6.47871036431745
"Tb927.10.13770",24.1925226249,6,0.00048133775360637,0.5283990852293
"Tb11.v5.0602",24.1328362649708,6,0.000493674400128152,0.887232146739439
"Tb927.8.5320",24.1224732433139,6,0.000495847818399398,2.93965997992345
"Tb927.8.6970",24.0803354228192,6,0.000504782700091688,2.04761293811936
"Tb927.2.2880",24.0696938598567,6,0.000507064071004315,1.64902006738953
"Tb927.9.12030",24.0595320300573,6,0.000509252062897203,1.76814486656991
"Tb927.8.3290",24.0537554498569,6,0.000510499984164858,2.40047408071009
"Tb927.8.870",24.0447792947579,6,0.00051244508561854,2.85732912380216
"Tb927.6.5160",24.0420239437011,6,0.000513043621895193,0.87125634694065
"Tb927.7.2180",24.0180696782056,6,0.000518276197502998,1.15545364360803
"Tb927.9.8500",24.0035342235682,6,0.000521476884625227,3.15610687575813
"Tb927.4.3740",23.9297862156116,6,0.000538018119998096,1.33128960203734
"Tb927.7.5420",23.8936036496433,6,0.000546321320886389,2.55659472634079
"Tb927.11.2410",23.8055382511878,6,0.000567060986150447,4.89503723244275
"Tb927.9.12810",23.8053347976288,6,0.000567109785355568,1.42866008163639
"Tb927.10.790",23.7970943312514,6,0.00056908977164194,2.43796992711835
"Tb927.9.15010",23.7153597048495,6,0.000589100474971294,0.705501211257498
"Tb927.11.11110",23.7089770467615,6,0.000590691922495723,2.05204759035472
"Tb927.7.5260",23.7001054033194,6,0.000592910996168983,1.80706643725622
"Tb927.7.3140",23.696215730478,6,0.000593886507303631,3.64346084300397
"Tb927.11.3705",23.606116082361,6,0.000616929963989876,3.0921097075854
"Tb927.2.2440",23.5706472486581,6,0.000626240508131204,1.04533747923979
"Tb927.11.6640",23.5397165134485,6,0.000634472469986824,2.48776112431425
"Tb927.10.190",23.5014268356161,6,0.000644810426565612,0.383613663327126
"Tb927.9.12680",23.4978999611115,6,0.000645770946261837,1.57527470653765
"Tb927.8.7230",23.4877638005303,6,0.000648539295832418,2.38021884296911
"Tb927.9.10070",23.4722990976363,6,0.00065278544873637,1.5284280526305
"Tb927.10.13730",23.4364742509603,6,0.000662727158374565,6.37532343031846
"Tb927.11.13990",23.4345126307971,6,0.000663275802090468,2.1143504858948
"Tb927.6.1440",23.3941753806578,6,0.000674657185368521,1.37947552786637
"Tb927.11.6040",23.3412861336237,6,0.00068987144166488,0.465819963771197
"Tb927.11.15370",23.3071944773728,6,0.000699856537435872,1.35720481239676
"Tb927.11.11510",23.2972446200766,6,0.000702797429372182,1.12018045993931
"Tb927.8.650",23.2740972079687,6,0.000709686210814242,3.11189413666889
"Tb927.9.12400",23.2622008077304,6,0.000713252407790854,1.10347439927273
"Tb927.8.1820",23.2254637697736,6,0.000724376630235724,1.5689985576407
"Tb927.2.2940",23.2158560187222,6,0.000727313934424823,1.60634967562811
"Tb927.1.2510",23.182965259409,6,0.000737458257881518,0.48902593445457
"Tb927.3.860",23.0500666531946,6,0.000779882196536352,0.667182875700174
"Tb927.11.15255",23.0358312764023,6,0.000784566153771871,1.22772126268206
"Tb927.2.1210",23.0295091464137,6,0.000786655215869181,1.33110965846437
"Tb927.9.8815",22.9815452440722,6,0.000802683207092092,0.528282250352934
"Tb927.11.11740",22.935427880245,6,0.000818396434805413,4.21754373072254
"Tb927.7.7440",22.9201602129387,6,0.000823664737664487,0.947571535666773
"Tb927.7.2760",22.9138176143712,6,0.000825863111565517,1.16681934526705
"Tb927.11.16130",22.8657279382347,6,0.00084271974309158,0.437528553156517
"Tb927.3.3970",22.8612851529834,6,0.000844293993120804,2.34779936226366
"Tb927.8.6440",22.8578794027551,6,0.000845502736771753,1.93040112630382
"Tb927.9.5690",22.8350711761602,6,0.000853641575481734,0.320767665976892
"Tb927.7.910",22.8219284464151,6,0.000858366284975709,1.41475550177473
"Tb927.2.2920",22.7991355210092,6,0.00086662111987601,2.52226560902553
"Tb927.10.7500",22.7816359062397,6,0.000873011745832653,1.20983460688285
"Tb927.11.8190",22.7556183284943,6,0.000882598642415577,2.06608011205992
"Tb927.10.2770",22.7397270029852,6,0.000888505010140817,7.39215229367645
"Tb927.11.2420",22.6872821014632,6,0.000908274023532551,3.37224207611926
"Tb927.5.2100",22.6541388147576,6,0.000920989332528266,3.41861986362847
"Tb11.v5.0670",22.6404968342408,6,0.000926273650825205,1.10246514075399
"Tb927.11.7060",22.6128109780666,6,0.000937089620771658,0.577427930267247
"Tb927.11.11520",22.59512777619,6,0.000944062653348454,0.539905069869243
"Tb927.10.15490",22.5521628130546,6,0.000961217963837635,0.90731787892736
"Tb927.1.410",22.5491422645801,6,0.000962435472614653,0.516219877019428
"Tb927.5.3700",22.5439278676551,6,0.000964540830453497,3.52643200678256
"Tb927.3.1010",22.5356927188206,6,0.000967875052884537,2.64299335346242
"Tb927.11.6520",22.5251115691834,6,0.000972175725979851,2.670676203328
"Tb927.8.3220",22.5187495838283,6,0.000974770556208426,1.21567952076258
"Tb927.9.6960",22.5118982975991,6,0.000977572556627671,0.545372672015662
"Tb927.7.3600",22.5008313613126,6,0.000982115355145141,1.49767195980759
"Tb11.v5.1027",22.474051614395,6,0.000993193903170764,0.92491637839345
"NA",NA,NA,NA,NA
"NA.1",NA,NA,NA,NA
"NA.2",NA,NA,NA,NA
"NA.3",NA,NA,NA,NA
"NA.4",NA,NA,NA,NA
"NA.5",NA,NA,NA,NA
"NA.6",NA,NA,NA,NA
"NA.7",NA,NA,NA,NA
"NA.8",NA,NA,NA,NA
"NA.9",NA,NA,NA,NA
"NA.10",NA,NA,NA,NA
"NA.11",NA,NA,NA,NA
"NA.12",NA,NA,NA,NA
"NA.13",NA,NA,NA,NA
"NA.14",NA,NA,NA,NA
"NA.15",NA,NA,NA,NA
"NA.16",NA,NA,NA,NA
"NA.17",NA,NA,NA,NA
"NA.18",NA,NA,NA,NA
"NA.19",NA,NA,NA,NA
"NA.20",NA,NA,NA,NA
"NA.21",NA,NA,NA,NA
"NA.22",NA,NA,NA,NA
"NA.23",NA,NA,NA,NA
"NA.24",NA,NA,NA,NA
"NA.25",NA,NA,NA,NA
"NA.26",NA,NA,NA,NA
"NA.27",NA,NA,NA,NA
"NA.28",NA,NA,NA,NA
"NA.29",NA,NA,NA,NA
"NA.30",NA,NA,NA,NA
"NA.31",NA,NA,NA,NA
"NA.32",NA,NA,NA,NA
"NA.33",NA,NA,NA,NA
"NA.34",NA,NA,NA,NA
"NA.35",NA,NA,NA,NA
"NA.36",NA,NA,NA,NA
"NA.37",NA,NA,NA,NA
"NA.38",NA,NA,NA,NA
"NA.39",NA,NA,NA,NA
"NA.40",NA,NA,NA,NA
"NA.41",NA,NA,NA,NA
"NA.42",NA,NA,NA,NA
"NA.43",NA,NA,NA,NA
"NA.44",NA,NA,NA,NA
"NA.45",NA,NA,NA,NA
"NA.46",NA,NA,NA,NA
"NA.47",NA,NA,NA,NA
"NA.48",NA,NA,NA,NA
"NA.49",NA,NA,NA,NA
"NA.50",NA,NA,NA,NA
"NA.51",NA,NA,NA,NA
"NA.52",NA,NA,NA,NA
"NA.53",NA,NA,NA,NA
"NA.54",NA,NA,NA,NA
"NA.55",NA,NA,NA,NA
"NA.56",NA,NA,NA,NA
"NA.57",NA,NA,NA,NA
"NA.58",NA,NA,NA,NA
"NA.59",NA,NA,NA,NA
"NA.60",NA,NA,NA,NA
"NA.61",NA,NA,NA,NA
"NA.62",NA,NA,NA,NA
"NA.63",NA,NA,NA,NA
"NA.64",NA,NA,NA,NA
"NA.65",NA,NA,NA,NA
"NA.66",NA,NA,NA,NA
"NA.67",NA,NA,NA,NA
"NA.68",NA,NA,NA,NA
"NA.69",NA,NA,NA,NA
"NA.70",NA,NA,NA,NA
"NA.71",NA,NA,NA,NA
"NA.72",NA,NA,NA,NA
"NA.73",NA,NA,NA,NA
"NA.74",NA,NA,NA,NA
"NA.75",NA,NA,NA,NA
"NA.76",NA,NA,NA,NA
"NA.77",NA,NA,NA,NA
"NA.78",NA,NA,NA,NA
"NA.79",NA,NA,NA,NA
"NA.80",NA,NA,NA,NA
"NA.81",NA,NA,NA,NA
"NA.82",NA,NA,NA,NA
"NA.83",NA,NA,NA,NA
"NA.84",NA,NA,NA,NA
"NA.85",NA,NA,NA,NA
"NA.86",NA,NA,NA,NA
"NA.87",NA,NA,NA,NA
"NA.88",NA,NA,NA,NA
"NA.89",NA,NA,NA,NA
"NA.90",NA,NA,NA,NA
"NA.91",NA,NA,NA,NA
"NA.92",NA,NA,NA,NA
"NA.93",NA,NA,NA,NA
"NA.94",NA,NA,NA,NA
"NA.95",NA,NA,NA,NA
"NA.96",NA,NA,NA,NA
"NA.97",NA,NA,NA,NA
"NA.98",NA,NA,NA,NA
"NA.99",NA,NA,NA,NA
"NA.100",NA,NA,NA,NA
"NA.101",NA,NA,NA,NA
"NA.102",NA,NA,NA,NA
"NA.103",NA,NA,NA,NA
"NA.104",NA,NA,NA,NA
"NA.105",NA,NA,NA,NA
"NA.106",NA,NA,NA,NA
"NA.107",NA,NA,NA,NA
"NA.108",NA,NA,NA,NA
"NA.109",NA,NA,NA,NA
"NA.110",NA,NA,NA,NA
"NA.111",NA,NA,NA,NA
"NA.112",NA,NA,NA,NA
"NA.113",NA,NA,NA,NA
"NA.114",NA,NA,NA,NA
"NA.115",NA,NA,NA,NA
"NA.116",NA,NA,NA,NA
"NA.117",NA,NA,NA,NA
"NA.118",NA,NA,NA,NA
"NA.119",NA,NA,NA,NA
"NA.120",NA,NA,NA,NA
"NA.121",NA,NA,NA,NA
"NA.122",NA,NA,NA,NA
"NA.123",NA,NA,NA,NA
"NA.124",NA,NA,NA,NA
"NA.125",NA,NA,NA,NA
"NA.126",NA,NA,NA,NA
"NA.127",NA,NA,NA,NA
"NA.128",NA,NA,NA,NA
"NA.129",NA,NA,NA,NA
"NA.130",NA,NA,NA,NA
"NA.131",NA,NA,NA,NA
"NA.132",NA,NA,NA,NA
"NA.133",NA,NA,NA,NA
"NA.134",NA,NA,NA,NA
"NA.135",NA,NA,NA,NA
"NA.136",NA,NA,NA,NA
"NA.137",NA,NA,NA,NA
"NA.138",NA,NA,NA,NA
"NA.139",NA,NA,NA,NA
"NA.140",NA,NA,NA,NA
"NA.141",NA,NA,NA,NA
"NA.142",NA,NA,NA,NA
"NA.143",NA,NA,NA,NA
"NA.144",NA,NA,NA,NA
"NA.145",NA,NA,NA,NA
"NA.146",NA,NA,NA,NA
"NA.147",NA,NA,NA,NA
"NA.148",NA,NA,NA,NA
"NA.149",NA,NA,NA,NA
"NA.150",NA,NA,NA,NA
"NA.151",NA,NA,NA,NA
"NA.152",NA,NA,NA,NA
"NA.153",NA,NA,NA,NA
"NA.154",NA,NA,NA,NA
"NA.155",NA,NA,NA,NA
"NA.156",NA,NA,NA,NA
"NA.157",NA,NA,NA,NA
"NA.158",NA,NA,NA,NA
"NA.159",NA,NA,NA,NA
"NA.160",NA,NA,NA,NA
"NA.161",NA,NA,NA,NA
"NA.162",NA,NA,NA,NA
"NA.163",NA,NA,NA,NA
"NA.164",NA,NA,NA,NA
"NA.165",NA,NA,NA,NA
"NA.166",NA,NA,NA,NA
"NA.167",NA,NA,NA,NA
"NA.168",NA,NA,NA,NA
"NA.169",NA,NA,NA,NA
"NA.170",NA,NA,NA,NA
"NA.171",NA,NA,NA,NA
"NA.172",NA,NA,NA,NA
"NA.173",NA,NA,NA,NA
"NA.174",NA,NA,NA,NA
"NA.175",NA,NA,NA,NA
"NA.176",NA,NA,NA,NA
"NA.177",NA,NA,NA,NA
"NA.178",NA,NA,NA,NA
"NA.179",NA,NA,NA,NA
"NA.180",NA,NA,NA,NA
"NA.181",NA,NA,NA,NA
"NA.182",NA,NA,NA,NA
"NA.183",NA,NA,NA,NA
"NA.184",NA,NA,NA,NA
"NA.185",NA,NA,NA,NA
"NA.186",NA,NA,NA,NA
"NA.187",NA,NA,NA,NA
"NA.188",NA,NA,NA,NA
"NA.189",NA,NA,NA,NA
"NA.190",NA,NA,NA,NA
"NA.191",NA,NA,NA,NA
"NA.192",NA,NA,NA,NA
"NA.193",NA,NA,NA,NA
"NA.194",NA,NA,NA,NA
"NA.195",NA,NA,NA,NA
"NA.196",NA,NA,NA,NA
"NA.197",NA,NA,NA,NA
"NA.198",NA,NA,NA,NA
"NA.199",NA,NA,NA,NA
"NA.200",NA,NA,NA,NA
"NA.201",NA,NA,NA,NA
"NA.202",NA,NA,NA,NA
"NA.203",NA,NA,NA,NA
"NA.204",NA,NA,NA,NA
"NA.205",NA,NA,NA,NA
"NA.206",NA,NA,NA,NA
"NA.207",NA,NA,NA,NA
"NA.208",NA,NA,NA,NA
"NA.209",NA,NA,NA,NA
"NA.210",NA,NA,NA,NA
"NA.211",NA,NA,NA,NA
"NA.212",NA,NA,NA,NA
"NA.213",NA,NA,NA,NA
"NA.214",NA,NA,NA,NA
"NA.215",NA,NA,NA,NA
"NA.216",NA,NA,NA,NA
"NA.217",NA,NA,NA,NA
"NA.218",NA,NA,NA,NA
"NA.219",NA,NA,NA,NA
"NA.220",NA,NA,NA,NA
"NA.221",NA,NA,NA,NA
"NA.222",NA,NA,NA,NA
"NA.223",NA,NA,NA,NA
"NA.224",NA,NA,NA,NA
"NA.225",NA,NA,NA,NA
"NA.226",NA,NA,NA,NA
"NA.227",NA,NA,NA,NA
"NA.228",NA,NA,NA,NA
"NA.229",NA,NA,NA,NA
"NA.230",NA,NA,NA,NA
"NA.231",NA,NA,NA,NA
"NA.232",NA,NA,NA,NA
"NA.233",NA,NA,NA,NA
"NA.234",NA,NA,NA,NA
"NA.235",NA,NA,NA,NA
"NA.236",NA,NA,NA,NA
"NA.237",NA,NA,NA,NA
"NA.238",NA,NA,NA,NA
"NA.239",NA,NA,NA,NA
"NA.240",NA,NA,NA,NA
"NA.241",NA,NA,NA,NA
"NA.242",NA,NA,NA,NA
"NA.243",NA,NA,NA,NA
"NA.244",NA,NA,NA,NA
"NA.245",NA,NA,NA,NA
"NA.246",NA,NA,NA,NA
"NA.247",NA,NA,NA,NA
"NA.248",NA,NA,NA,NA
"NA.249",NA,NA,NA,NA
"NA.250",NA,NA,NA,NA
"NA.251",NA,NA,NA,NA
"NA.252",NA,NA,NA,NA
"NA.253",NA,NA,NA,NA
"NA.254",NA,NA,NA,NA
"NA.255",NA,NA,NA,NA
"NA.256",NA,NA,NA,NA
"NA.257",NA,NA,NA,NA
"NA.258",NA,NA,NA,NA
"NA.259",NA,NA,NA,NA
"NA.260",NA,NA,NA,NA
"NA.261",NA,NA,NA,NA
"NA.262",NA,NA,NA,NA
"NA.263",NA,NA,NA,NA
"NA.264",NA,NA,NA,NA
"NA.265",NA,NA,NA,NA
"NA.266",NA,NA,NA,NA
"NA.267",NA,NA,NA,NA
"NA.268",NA,NA,NA,NA
"NA.269",NA,NA,NA,NA
"NA.270",NA,NA,NA,NA
"NA.271",NA,NA,NA,NA
"NA.272",NA,NA,NA,NA
"NA.273",NA,NA,NA,NA
"NA.274",NA,NA,NA,NA
"NA.275",NA,NA,NA,NA
"NA.276",NA,NA,NA,NA
"NA.277",NA,NA,NA,NA
"NA.278",NA,NA,NA,NA
"NA.279",NA,NA,NA,NA
"NA.280",NA,NA,NA,NA
"NA.281",NA,NA,NA,NA
"NA.282",NA,NA,NA,NA
"NA.283",NA,NA,NA,NA
"NA.284",NA,NA,NA,NA
"NA.285",NA,NA,NA,NA
"NA.286",NA,NA,NA,NA
"NA.287",NA,NA,NA,NA
"NA.288",NA,NA,NA,NA
"NA.289",NA,NA,NA,NA
"NA.290",NA,NA,NA,NA
"NA.291",NA,NA,NA,NA
"NA.292",NA,NA,NA,NA
"NA.293",NA,NA,NA,NA
"NA.294",NA,NA,NA,NA
"NA.295",NA,NA,NA,NA
"NA.296",NA,NA,NA,NA
"NA.297",NA,NA,NA,NA
"NA.298",NA,NA,NA,NA
"NA.299",NA,NA,NA,NA
"NA.300",NA,NA,NA,NA
"NA.301",NA,NA,NA,NA
"NA.302",NA,NA,NA,NA
"NA.303",NA,NA,NA,NA
"NA.304",NA,NA,NA,NA
"NA.305",NA,NA,NA,NA
"NA.306",NA,NA,NA,NA
"NA.307",NA,NA,NA,NA
"NA.308",NA,NA,NA,NA
"NA.309",NA,NA,NA,NA
"NA.310",NA,NA,NA,NA
"NA.311",NA,NA,NA,NA
"NA.312",NA,NA,NA,NA
"NA.313",NA,NA,NA,NA
"NA.314",NA,NA,NA,NA
"NA.315",NA,NA,NA,NA
"NA.316",NA,NA,NA,NA
"NA.317",NA,NA,NA,NA
"NA.318",NA,NA,NA,NA
"NA.319",NA,NA,NA,NA
"NA.320",NA,NA,NA,NA
"NA.321",NA,NA,NA,NA
"NA.322",NA,NA,NA,NA
"NA.323",NA,NA,NA,NA
"NA.324",NA,NA,NA,NA
"NA.325",NA,NA,NA,NA
"NA.326",NA,NA,NA,NA
"NA.327",NA,NA,NA,NA
"NA.328",NA,NA,NA,NA
"NA.329",NA,NA,NA,NA
"NA.330",NA,NA,NA,NA
"NA.331",NA,NA,NA,NA
"NA.332",NA,NA,NA,NA
"NA.333",NA,NA,NA,NA
"NA.334",NA,NA,NA,NA
"NA.335",NA,NA,NA,NA
"NA.336",NA,NA,NA,NA
"NA.337",NA,NA,NA,NA
